Unnamed: 0,caseid,act,index,last,next,if_para,start_timestamp,end_timestamp,resource,activity,res,wait,process
1,1,Start,1,None,2,0,,,Start,Start,Start,0,0
2,1,19,2,1,3,0,,,Turning & Milling,Turning & Milling,ID4932,1239,9006
3,1,19,3,2,4,0,,,Turning & Milling,Turning & Milling,ID4219,552,30521
4,1,19,4,3,5,0,,,Turning & Milling,Turning & Milling,ID4794,303271,22321
5,1,19,5,4,"(6, 7)",0,,,Turning & Milling,Turning & Milling,ID4529,60,16610
6,1,19,6,5,8,1,,,Turning & Milling,Turning & Milling,ID4529,8896,22019
7,1,20,7,5,8,1,,,Turning & Milling Q.C.,Turning & Milling Q.C.,ID4618,149,769
8,1,4,8,"(6, 7)",9,0,,,Flat Grinding,Flat Grinding,ID0998,480373,3247
9,1,4,9,8,10,0,,,Flat Grinding,Flat Grinding,ID3716,447517,3811
10,1,4,10,9,11,0,,,Flat Grinding,Flat Grinding,ID0998,369738,1011
11,1,20,11,10,12,0,,,Turning & Milling Q.C.,Turning & Milling Q.C.,ID4493,37,218
12,1,6,12,11,13,0,,,Lapping,Lapping,ID0420,5161,4375
13,1,13,13,12,14,0,,,Round Grinding,Round Grinding,ID0420,6681,178
14,1,13,14,13,15,0,,,Round Grinding,Round Grinding,ID4528,12018,29640
15,1,13,15,14,"(16, 17)",0,,,Round Grinding,Round Grinding,ID4160,3716,19650
16,1,4,16,15,18,1,,,Flat Grinding,Flat Grinding,ID0998,50216,10
17,1,13,17,15,18,1,,,Round Grinding,Round Grinding,ID4445,5064,7008
18,1,13,18,"(16, 17)",19,0,,,Round Grinding,Round Grinding,ID3716,0,6874
19,1,13,19,18,20,0,,,Round Grinding,Round Grinding,ID4528,19598,5534
20,1,13,20,19,21,0,,,Round Grinding,Round Grinding,ID0998,227,25603
21,1,7,21,20,22,0,,,Laser Marking,Laser Marking,ID0998,482,2298
22,1,2,22,21,23,0,,,Final Inspection Q.C.,Final Inspection Q.C.,ID4163,47205,4759
23,1,11,23,22,24,0,,,Packing,Packing,ID4820,23826,3440
24,1,End,24,23,None,0,,,End,End,End,0,0
27,2,Start,27,None,28,0,,,Start,Start,Start,0,0
28,2,19,28,27,"(29, 31)",0,,,Turning & Milling,Turning & Milling,ID4794,48582,3885
29,2,19,29,28,30,1,,,Turning & Milling,Turning & Milling,ID0997,66,13734
30,2,18,30,29,32,1,,,Turning,Turning,ID4851,10106,5018
31,2,20,31,28,32,1,,,Turning & Milling Q.C.,Turning & Milling Q.C.,ID4163,2064,1285
32,2,19,32,"(30, 31)",33,0,,,Turning & Milling,Turning & Milling,ID4529,1318,35084
33,2,19,33,32,34,0,,,Turning & Milling,Turning & Milling,ID4932,2,8271
34,2,19,34,33,35,0,,,Turning & Milling,Turning & Milling,ID4529,16446,7074
35,2,19,35,34,36,0,,,Turning & Milling,Turning & Milling,ID4219,11925,23876
36,2,19,36,35,37,0,,,Turning & Milling,Turning & Milling,ID4794,1334,5416
37,2,19,37,36,38,0,,,Turning & Milling,Turning & Milling,ID4167,18030,10807
38,2,19,38,37,39,0,,,Turning & Milling,Turning & Milling,ID0997,182089,7335
39,2,19,39,38,40,0,,,Turning & Milling,Turning & Milling,ID4132,12905,9442
40,2,19,40,39,41,0,,,Turning & Milling,Turning & Milling,ID3846,9272,2885
41,2,19,41,40,42,0,,,Turning & Milling,Turning & Milling,ID4794,377,22317
42,2,19,42,41,"(43, 45)",0,,,Turning & Milling,Turning & Milling,ID4529,0,21755
43,2,19,43,42,44,1,,,Turning & Milling,Turning & Milling,ID4167,4728,5725
44,2,19,44,43,46,1,,,Turning & Milling,Turning & Milling,ID4219,106612,4343
45,2,20,45,42,46,1,,,Turning & Milling Q.C.,Turning & Milling Q.C.,ID4163,67414,4725
46,2,19,46,"(44, 45)",47,0,,,Turning & Milling,Turning & Milling,ID4718,598,23485
47,2,19,47,46,48,0,,,Turning & Milling,Turning & Milling,ID4429,0,17172
48,2,19,48,47,"(49, 52)",0,,,Turning & Milling,Turning & Milling,ID4932,39346,54735
49,2,19,49,48,50,1,,,Turning & Milling,Turning & Milling,ID4932,2955,22350
50,2,8,50,49,51,1,,,Milling,Milling,ID4140,223,16786
51,2,2,51,50,53,1,,,Final Inspection Q.C.,Final Inspection Q.C.,ID4163,932463,14729
52,2,20,52,48,53,1,,,Turning & Milling Q.C.,Turning & Milling Q.C.,ID4618,24792,3783
53,2,19,53,"(51, 52)",54,0,,,Turning & Milling,Turning & Milling,ID4932,469,26000
54,2,19,54,53,55,0,,,Turning & Milling,Turning & Milling,ID4429,118213,39757
55,2,19,55,54,56,0,,,Turning & Milling,Turning & Milling,ID4429,57,15559
56,2,19,56,55,57,0,,,Turning & Milling,Turning & Milling,ID4429,4428,15245
57,2,19,57,56,"(58, 61)",0,,,Turning & Milling,Turning & Milling,ID0997,290,4738
58,2,19,58,57,59,1,,,Turning & Milling,Turning & Milling,ID4219,46476,1732
59,2,8,59,58,60,1,,,Milling,Milling,ID4326,71412,62892
60,2,2,60,59,62,1,,,Final Inspection Q.C.,Final Inspection Q.C.,ID4618,1642,38
61,2,20,61,57,62,1,,,Turning & Milling Q.C.,Turning & Milling Q.C.,ID4955,208,507
62,2,19,62,"(60, 61)",63,0,,,Turning & Milling,Turning & Milling,ID4529,64,8289
63,2,19,63,62,"(64, 65)",0,,,Turning & Milling,Turning & Milling,ID4794,0,11612
64,2,19,64,63,67,1,,,Turning & Milling,Turning & Milling,ID4529,95,46467
65,2,20,65,63,66,1,,,Turning & Milling Q.C.,Turning & Milling Q.C.,ID4618,2119,796
66,2,19,66,65,67,1,,,Turning & Milling,Turning & Milling,ID4429,1011,18973
67,2,19,67,"(64, 66)",68,0,,,Turning & Milling,Turning & Milling,ID4429,367,8911
68,2,19,68,67,"(69, 70)",0,,,Turning & Milling,Turning & Milling,ID0997,15027,22669
69,2,19,69,68,71,1,,,Turning & Milling,Turning & Milling,ID4718,166,4734
70,2,20,70,68,71,1,,,Turning & Milling Q.C.,Turning & Milling Q.C.,ID4618,15547,23
71,2,End,71,"(69, 70)",None,0,,,End,End,End,0,0
74,3,Start,74,None,75,0,,,Start,Start,Start,0,0
75,3,20,75,74,76,0,,,Turning & Milling Q.C.,Turning & Milling Q.C.,ID4618,43,4745
76,3,20,76,75,77,0,,,Turning & Milling Q.C.,Turning & Milling Q.C.,ID4163,3755,1942
77,3,6,77,76,"(78, 79)",0,,,Lapping,Lapping,ID0998,6349,3547
78,3,2,78,77,80,1,,,Final Inspection Q.C.,Final Inspection Q.C.,ID4287,6187,2283
79,3,6,79,77,80,1,,,Lapping,Lapping,ID4528,55,12451
80,3,2,80,"(78, 79)",81,0,,,Final Inspection Q.C.,Final Inspection Q.C.,ID4493,104512,1788
81,3,End,81,80,None,0,,,End,End,End,0,0
84,4,Start,84,None,85,0,,,Start,Start,Start,0,0
85,4,18,85,84,86,0,,,Turning,Turning,ID4799,32888,17644
86,4,18,86,85,87,0,,,Turning,Turning,ID4219,5601,9396
87,4,18,87,86,88,0,,,Turning,Turning,ID0997,12355,1118
88,4,11,88,87,89,0,,,Packing,Packing,ID4820,125484,3714
89,4,21,89,88,90,0,,,Turning Q.C.,Turning Q.C.,ID4163,1013,4291
90,4,7,90,89,91,0,,,Laser Marking,Laser Marking,ID4882,9476,156
91,4,2,91,90,92,0,,,Final Inspection Q.C.,Final Inspection Q.C.,ID4287,4627,10660
92,4,End,92,91,None,0,,,End,End,End,0,0
95,5,Start,95,None,96,0,,,Start,Start,Start,0,0
96,5,19,96,95,97,0,,,Turning & Milling,Turning & Milling,ID4132,99225,4007
97,5,19,97,96,98,0,,,Turning & Milling,Turning & Milling,ID4718,5003,11158
98,5,19,98,97,99,0,,,Turning & Milling,Turning & Milling,ID4932,1318,16776
99,5,19,99,98,100,0,,,Turning & Milling,Turning & Milling,ID4794,0,1143
100,5,19,100,99,101,0,,,Turning & Milling,Turning & Milling,ID4167,15974,5309
101,5,19,101,100,"(102, 104)",0,,,Turning & Milling,Turning & Milling,ID3846,27114,20808
102,5,19,102,101,103,1,,,Turning & Milling,Turning & Milling,ID0997,1101,28099
103,5,19,103,102,105,1,,,Turning & Milling,Turning & Milling,ID3846,22713,17722
104,5,20,104,101,105,1,,,Turning & Milling Q.C.,Turning & Milling Q.C.,ID4163,483,2963
105,5,19,105,"(103, 104)",106,0,,,Turning & Milling,Turning & Milling,ID4794,52079,10291
106,5,20,106,105,107,0,,,Turning & Milling Q.C.,Turning & Milling Q.C.,ID4287,50067,4228
107,5,20,107,106,108,0,,,Turning & Milling Q.C.,Turning & Milling Q.C.,ID4618,222070,17248
108,5,7,108,107,109,0,,,Laser Marking,Laser Marking,ID0998,33997,3010
109,5,4,109,108,110,0,,,Flat Grinding,Flat Grinding,ID0998,120112,7517
110,5,13,110,109,111,0,,,Round Grinding,Round Grinding,ID4385,0,8591
111,5,13,111,110,112,0,,,Round Grinding,Round Grinding,ID4872,540,20495
112,5,2,112,111,113,0,,,Final Inspection Q.C.,Final Inspection Q.C.,ID4618,179409,20000
113,5,2,113,112,114,0,,,Final Inspection Q.C.,Final Inspection Q.C.,ID4618,172921,5252
114,5,11,114,113,115,0,,,Packing,Packing,ID4820,72407,3339
115,5,End,115,114,None,0,,,End,End,End,0,0
118,6,Start,118,None,"(119, 120)",0,,,Start,Start,Start,0,0
119,6,18,119,118,121,1,,,Turning,Turning,ID4799,161,18994
120,6,19,120,118,121,1,,,Turning & Milling,Turning & Milling,ID0997,5022,822
121,6,19,121,"(119, 120)",122,0,,,Turning & Milling,Turning & Milling,ID4794,439,4299
122,6,20,122,121,123,0,,,Turning & Milling Q.C.,Turning & Milling Q.C.,ID4493,27011,9464
123,6,7,123,122,124,0,,,Laser Marking,Laser Marking,ID4872,32706,3773
124,6,6,124,123,"(125, 126)",0,,,Lapping,Lapping,ID4287,38505,5861
125,6,6,125,124,127,1,,,Lapping,Lapping,ID4882,680205,5781
126,6,13,126,124,127,1,,,Round Grinding,Round Grinding,ID4445,27160,32223
127,6,13,127,"(125, 126)",128,0,,,Round Grinding,Round Grinding,ID4528,67,9246
128,6,13,128,127,129,0,,,Round Grinding,Round Grinding,ID0420,786,7427
129,6,13,129,128,130,0,,,Round Grinding,Round Grinding,ID4872,566,14615
130,6,13,130,129,"(131, 132)",0,,,Round Grinding,Round Grinding,ID4385,33548,2863
131,6,2,131,130,133,1,,,Final Inspection Q.C.,Final Inspection Q.C.,ID4618,133,7399
132,6,13,132,130,133,1,,,Round Grinding,Round Grinding,ID4445,13931,5426
133,6,11,133,"(131, 132)",134,0,,,Packing,Packing,ID4820,117662,4575
134,6,End,134,133,None,0,,,End,End,End,0,0
137,7,Start,137,None,138,0,,,Start,Start,Start,0,0
138,7,18,138,137,139,0,,,Turning,Turning,ID4799,24925,40541
139,7,6,139,138,140,0,,,Lapping,Lapping,ID0998,36440,17728
140,7,18,140,139,"(141, 142)",0,,,Turning,Turning,ID4622,22992,22253
141,7,18,141,140,143,1,,,Turning,Turning,ID0997,2667,7461
142,7,18,142,140,143,1,,,Turning,Turning,ID3846,73,2859
143,7,18,143,"(141, 142)",144,0,,,Turning,Turning,ID4162,266,20036
144,7,21,144,143,145,0,,,Turning Q.C.,Turning Q.C.,ID4287,134,2621
145,7,21,145,144,146,0,,,Turning Q.C.,Turning Q.C.,ID4618,32689,278
146,7,6,146,145,147,0,,,Lapping,Lapping,ID0998,0,7772
147,7,7,147,146,148,0,,,Laser Marking,Laser Marking,ID0998,23994,402
148,7,2,148,147,149,0,,,Final Inspection Q.C.,Final Inspection Q.C.,ID4287,4217,6793
149,7,2,149,148,150,0,,,Final Inspection Q.C.,Final Inspection Q.C.,ID4163,60162,16124
150,7,11,150,149,151,0,,,Packing,Packing,ID4491,40954,4447
151,7,End,151,150,None,0,,,End,End,End,0,0
154,8,Start,154,None,155,0,,,Start,Start,Start,0,0
155,8,19,155,154,"(156, 157, 158)",0,,,Turning & Milling,Turning & Milling,ID4718,23128,3072
156,8,19,156,155,159,1,,,Turning & Milling,Turning & Milling,ID4529,0,5139
157,8,19,157,155,159,1,,,Turning & Milling,Turning & Milling,ID4167,40497,94
158,8,20,158,155,159,1,,,Turning & Milling Q.C.,Turning & Milling Q.C.,ID4618,759,7106
159,8,20,159,"(156, 157, 158)",160,0,,,Turning & Milling Q.C.,Turning & Milling Q.C.,ID4618,83,1324
160,8,19,160,159,161,0,,,Turning & Milling,Turning & Milling,ID4132,12465,41609
161,8,20,161,160,162,0,,,Turning & Milling Q.C.,Turning & Milling Q.C.,ID4287,167075,5491
162,8,7,162,161,163,0,,,Laser Marking,Laser Marking,ID0998,106888,5028
163,8,6,163,162,164,0,,,Lapping,Lapping,ID0998,79,320
164,8,2,164,163,165,0,,,Final Inspection Q.C.,Final Inspection Q.C.,ID4493,19801,9409
165,8,2,165,164,166,0,,,Final Inspection Q.C.,Final Inspection Q.C.,ID4618,162560,4623
166,8,11,166,165,167,0,,,Packing,Packing,ID4820,48108,3318
167,8,End,167,166,None,0,,,End,End,End,0,0
170,9,Start,170,None,171,0,,,Start,Start,Start,0,0
171,9,19,171,170,172,0,,,Turning & Milling,Turning & Milling,ID4932,21996,22314
172,9,19,172,171,173,0,,,Turning & Milling,Turning & Milling,ID4794,449,17741
173,9,19,173,172,174,0,,,Turning & Milling,Turning & Milling,ID4167,8153,6767
174,9,19,174,173,175,0,,,Turning & Milling,Turning & Milling,ID3846,60952,10150
175,9,19,175,174,176,0,,,Turning & Milling,Turning & Milling,ID4429,21856,33624
176,9,19,176,175,177,0,,,Turning & Milling,Turning & Milling,ID4429,0,7374
177,9,20,177,176,178,0,,,Turning & Milling Q.C.,Turning & Milling Q.C.,ID4618,216,5079
178,9,7,178,177,179,0,,,Laser Marking,Laser Marking,ID0998,5343,2105
179,9,6,179,178,"(180, 182, 183, 184)",0,,,Lapping,Lapping,ID0998,44,388
180,9,2,180,179,181,1,,,Final Inspection Q.C.,Final Inspection Q.C.,ID4618,77841,977
181,9,6,181,180,186,1,,,Lapping,Lapping,ID0998,505,6887
182,9,7,182,179,186,1,,,Laser Marking,Laser Marking,ID0998,618129,3880
183,9,13,183,179,186,1,,,Round Grinding,Round Grinding,ID4385,39566,10905
184,9,20,184,179,185,1,,,Turning & Milling Q.C.,Turning & Milling Q.C.,ID4493,0,1046
185,9,6,185,184,186,1,,,Lapping,Lapping,ID4355,36120,6439
186,9,13,186,"(181, 182, 183, 185)",187,0,,,Round Grinding,Round Grinding,ID4445,7466,46151
187,9,13,187,186,188,0,,,Round Grinding,Round Grinding,ID4528,3378,20943
188,9,13,188,187,"(189, 190)",0,,,Round Grinding,Round Grinding,ID4287,125166,2596
189,9,2,189,188,192,1,,,Final Inspection Q.C.,Final Inspection Q.C.,ID4493,45199,5024
190,9,13,190,188,191,1,,,Round Grinding,Round Grinding,ID4445,419,22030
191,9,13,191,190,192,1,,,Round Grinding,Round Grinding,ID4872,2976,8252
192,9,13,192,"(189, 191)",193,0,,,Round Grinding,Round Grinding,ID4355,118,2872
193,9,13,193,192,194,0,,,Round Grinding,Round Grinding,ID4528,30495,5083
194,9,6,194,193,195,0,,,Lapping,Lapping,ID0998,28837,113
195,9,13,195,194,196,0,,,Round Grinding,Round Grinding,ID4355,327,2290
196,9,13,196,195,197,0,,,Round Grinding,Round Grinding,ID4385,300233,3853
197,9,2,197,196,198,0,,,Final Inspection Q.C.,Final Inspection Q.C.,ID4493,4254,5907
198,9,End,198,197,None,0,,,End,End,End,0,0
201,10,Start,201,None,202,0,,,Start,Start,Start,0,0
202,10,20,202,201,203,0,,,Turning & Milling Q.C.,Turning & Milling Q.C.,ID4618,0,7255
203,10,7,203,202,204,0,,,Laser Marking,Laser Marking,ID4355,511,6399
204,10,7,204,203,205,0,,,Laser Marking,Laser Marking,ID0998,311,2538
205,10,6,205,204,206,0,,,Lapping,Lapping,ID4882,160312,3526
206,10,6,206,205,207,0,,,Lapping,Lapping,ID0998,72152,1751
207,10,2,207,206,208,0,,,Final Inspection Q.C.,Final Inspection Q.C.,ID4163,1470,7351
208,10,2,208,207,209,0,,,Final Inspection Q.C.,Final Inspection Q.C.,ID4618,74672,3077
209,10,11,209,208,210,0,,,Packing,Packing,ID4820,35001,3695
210,10,End,210,209,None,0,,,End,End,End,0,0
213,11,Start,213,None,"(214, 215)",0,,,Start,Start,Start,0,0
214,11,17,214,213,216,1,,,Turn & Mill. & Screw Assem,Turn & Mill. & Screw Assem,ID3846,72010,9761
215,11,17,215,213,216,1,,,Turn & Mill. & Screw Assem,Turn & Mill. & Screw Assem,ID4132,64373,17060
216,11,17,216,"(214, 215)",217,0,,,Turn & Mill. & Screw Assem,Turn & Mill. & Screw Assem,ID3846,57254,9879
217,11,17,217,216,218,0,,,Turn & Mill. & Screw Assem,Turn & Mill. & Screw Assem,ID3846,5424,5959
218,11,20,218,217,219,0,,,Turning & Milling Q.C.,Turning & Milling Q.C.,ID4287,22222,2260
219,11,7,219,218,220,0,,,Laser Marking,Laser Marking,ID4882,272,2116
220,11,4,220,219,221,0,,,Flat Grinding,Flat Grinding,ID0998,5250,4817
221,11,17,221,220,222,0,,,Turn & Mill. & Screw Assem,Turn & Mill. & Screw Assem,ID4287,0,4104
222,11,17,222,221,223,0,,,Turn & Mill. & Screw Assem,Turn & Mill. & Screw Assem,ID4132,177039,11010
223,11,20,223,222,224,0,,,Turning & Milling Q.C.,Turning & Milling Q.C.,ID4618,76217,2627
224,11,17,224,223,225,0,,,Turn & Mill. & Screw Assem,Turn & Mill. & Screw Assem,ID4493,0,10491
225,11,20,225,224,"(226, 227)",0,,,Turning & Milling Q.C.,Turning & Milling Q.C.,ID4287,13540,2393
226,11,20,226,225,228,1,,,Turning & Milling Q.C.,Turning & Milling Q.C.,ID4618,652,13128
227,11,22,227,225,228,1,,,Turning Rework,Turning Rework,ID4820,117433,3778
228,11,7,228,"(226, 227)",229,0,,,Laser Marking,Laser Marking,ID4718,3408,523
229,11,4,229,228,230,0,,,Flat Grinding,Flat Grinding,ID4163,3720,3587
230,11,20,230,229,231,0,,,Turning & Milling Q.C.,Turning & Milling Q.C.,ID4287,63226,8820
231,11,6,231,230,232,0,,,Lapping,Lapping,ID4872,96,2956
232,11,13,232,231,233,0,,,Round Grinding,Round Grinding,ID4287,1306,314
233,11,13,233,232,234,0,,,Round Grinding,Round Grinding,ID4528,0,3188
234,11,13,234,233,235,0,,,Round Grinding,Round Grinding,ID0937,92,24983
235,11,13,235,234,236,0,,,Round Grinding,Round Grinding,ID4528,143597,21085
236,11,2,236,235,237,0,,,Final Inspection Q.C.,Final Inspection Q.C.,ID4493,16355,1038
237,11,2,237,236,238,0,,,Final Inspection Q.C.,Final Inspection Q.C.,ID4618,21234,3452
238,11,11,238,237,239,0,,,Packing,Packing,ID4820,26290,3639
239,11,2,239,238,240,0,,,Final Inspection Q.C.,Final Inspection Q.C.,ID4287,2283,1035
240,11,End,240,239,None,0,,,End,End,End,0,0
243,12,Start,243,None,244,0,,,Start,Start,Start,0,0
244,12,19,244,243,"(245, 247)",0,,,Turning & Milling,Turning & Milling,ID3846,154559,5044
245,12,19,245,244,246,1,,,Turning & Milling,Turning & Milling,ID4429,10523,18047
246,12,19,246,245,248,1,,,Turning & Milling,Turning & Milling,ID4429,41,2019
247,12,19,247,244,248,1,,,Turning & Milling,Turning & Milling,ID4429,2913,1944
248,12,19,248,"(246, 247)",249,0,,,Turning & Milling,Turning & Milling,ID0937,0,8347
249,12,19,249,248,250,0,,,Turning & Milling,Turning & Milling,ID4932,16814,5166
250,12,20,250,249,"(251, 252, 254)",0,,,Turning & Milling Q.C.,Turning & Milling Q.C.,ID4618,52513,2042
251,12,19,251,250,255,1,,,Turning & Milling,Turning & Milling,ID4167,53,32181
252,12,19,252,250,253,1,,,Turning & Milling,Turning & Milling,ID4529,46042,32054
253,12,19,253,252,255,1,,,Turning & Milling,Turning & Milling,ID4167,112474,15122
254,12,20,254,250,255,1,,,Turning & Milling Q.C.,Turning & Milling Q.C.,ID4287,23128,1953
255,12,19,255,"(251, 253, 254)",256,0,,,Turning & Milling,Turning & Milling,ID4132,0,12440
256,12,19,256,255,257,0,,,Turning & Milling,Turning & Milling,ID4429,13703,4749
257,12,20,257,256,258,0,,,Turning & Milling Q.C.,Turning & Milling Q.C.,ID4618,141353,7343
258,12,20,258,257,259,0,,,Turning & Milling Q.C.,Turning & Milling Q.C.,ID4618,58431,919
259,12,20,259,258,260,0,,,Turning & Milling Q.C.,Turning & Milling Q.C.,ID4618,51464,342
260,12,4,260,259,261,0,,,Flat Grinding,Flat Grinding,ID4882,12043,16185
261,12,6,261,260,262,0,,,Lapping,Lapping,ID0998,29156,4769
262,12,13,262,261,263,0,,,Round Grinding,Round Grinding,ID4445,8424,6251
263,12,13,263,262,264,0,,,Round Grinding,Round Grinding,ID4493,470,1892
264,12,13,264,263,265,0,,,Round Grinding,Round Grinding,ID4445,375002,18208
265,12,7,265,264,266,0,,,Laser Marking,Laser Marking,ID0998,39842,1261
266,12,11,266,265,267,0,,,Packing,Packing,ID4491,18956,3547
267,12,2,267,266,268,0,,,Final Inspection Q.C.,Final Inspection Q.C.,ID4618,270,7091
268,12,End,268,267,None,0,,,End,End,End,0,0
271,13,Start,271,None,"(272, 273)",0,,,Start,Start,Start,0,0
272,13,19,272,271,274,1,,,Turning & Milling,Turning & Milling,ID4794,6935,32711
273,13,20,273,271,274,1,,,Turning & Milling Q.C.,Turning & Milling Q.C.,ID4163,166385,6190
274,13,19,274,"(272, 273)",275,0,,,Turning & Milling,Turning & Milling,ID4641,1,4710
275,13,19,275,274,276,0,,,Turning & Milling,Turning & Milling,ID4167,5147,26294
276,13,20,276,275,277,0,,,Turning & Milling Q.C.,Turning & Milling Q.C.,ID4493,2221,5731
277,13,4,277,276,278,0,,,Flat Grinding,Flat Grinding,ID4882,76679,3984
278,13,20,278,277,279,0,,,Turning & Milling Q.C.,Turning & Milling Q.C.,ID4163,283234,6565
279,13,7,279,278,280,0,,,Laser Marking,Laser Marking,ID0997,52273,2355
280,13,6,280,279,281,0,,,Lapping,Lapping,ID0998,247137,9998
281,13,11,281,280,282,0,,,Packing,Packing,ID4820,19590,4406
282,13,2,282,281,283,0,,,Final Inspection Q.C.,Final Inspection Q.C.,ID4163,24791,25
283,13,End,283,282,None,0,,,End,End,End,0,0
286,14,Start,286,None,287,0,,,Start,Start,Start,0,0
287,14,19,287,286,"(288, 290)",0,,,Turning & Milling,Turning & Milling,ID4529,0,14902
288,14,19,288,287,289,1,,,Turning & Milling,Turning & Milling,ID4529,46780,11587
289,14,19,289,288,292,1,,,Turning & Milling,Turning & Milling,ID4794,42807,5515
290,14,20,290,287,291,1,,,Turning & Milling Q.C.,Turning & Milling Q.C.,ID4493,0,4530
291,14,19,291,290,292,1,,,Turning & Milling,Turning & Milling,ID4794,0,38143
292,14,19,292,"(289, 291)",293,0,,,Turning & Milling,Turning & Milling,ID0997,919,21316
293,14,20,293,292,294,0,,,Turning & Milling Q.C.,Turning & Milling Q.C.,ID4493,647,5203
294,14,20,294,293,295,0,,,Turning & Milling Q.C.,Turning & Milling Q.C.,ID4618,198,5006
295,14,20,295,294,296,0,,,Turning & Milling Q.C.,Turning & Milling Q.C.,ID4287,100,1903
296,14,End,296,295,None,0,,,End,End,End,0,0
299,15,Start,299,None,300,0,,,Start,Start,Start,0,0
300,15,19,300,299,301,0,,,Turning & Milling,Turning & Milling,ID4167,5755,5450
301,15,19,301,300,302,0,,,Turning & Milling,Turning & Milling,ID0997,11466,3280
302,15,19,302,301,303,0,,,Turning & Milling,Turning & Milling,ID3846,547,10962
303,15,19,303,302,304,0,,,Turning & Milling,Turning & Milling,ID4167,1463,21887
304,15,19,304,303,305,0,,,Turning & Milling,Turning & Milling,ID4794,0,19795
305,15,19,305,304,306,0,,,Turning & Milling,Turning & Milling,ID4932,304,1316
306,15,20,306,305,307,0,,,Turning & Milling Q.C.,Turning & Milling Q.C.,ID4287,55739,15612
307,15,20,307,306,"(308, 309)",0,,,Turning & Milling Q.C.,Turning & Milling Q.C.,ID4618,43656,29599
308,15,4,308,307,310,1,,,Flat Grinding,Flat Grinding,ID0420,189071,4127
309,15,7,309,307,310,1,,,Laser Marking,Laser Marking,ID0998,869016,1032
310,15,6,310,"(308, 309)",311,0,,,Lapping,Lapping,ID0998,199993,1358
311,15,13,311,310,312,0,,,Round Grinding,Round Grinding,ID4872,6953,3004
312,15,13,312,311,313,0,,,Round Grinding,Round Grinding,ID4872,288286,2474
313,15,5,313,312,314,0,,,Grinding Rework,Grinding Rework,ID4528,53281,10628
314,15,11,314,313,315,0,,,Packing,Packing,ID4820,300666,3782
315,15,2,315,314,316,0,,,Final Inspection Q.C.,Final Inspection Q.C.,ID4287,35221,74
316,15,End,316,315,None,0,,,End,End,End,0,0
319,16,Start,319,None,320,0,,,Start,Start,Start,0,0
320,16,20,320,319,321,0,,,Turning & Milling Q.C.,Turning & Milling Q.C.,ID4618,198,3108
321,16,19,321,320,322,0,,,Turning & Milling,Turning & Milling,ID3846,436,1514
322,16,20,322,321,323,0,,,Turning & Milling Q.C.,Turning & Milling Q.C.,ID4618,52691,1423
323,16,20,323,322,"(324, 325)",0,,,Turning & Milling Q.C.,Turning & Milling Q.C.,ID4618,133569,128
324,16,6,324,323,327,1,,,Lapping,Lapping,ID4882,3693,3808
325,16,13,325,323,326,1,,,Round Grinding,Round Grinding,ID4618,254,23764
326,16,13,326,325,327,1,,,Round Grinding,Round Grinding,ID4872,2282,3467
327,16,13,327,"(324, 326)",328,0,,,Round Grinding,Round Grinding,ID0420,133,1518
328,16,13,328,327,329,0,,,Round Grinding,Round Grinding,ID0420,359,10765
329,16,13,329,328,330,0,,,Round Grinding,Round Grinding,ID4355,1382,11307
330,16,13,330,329,331,0,,,Round Grinding,Round Grinding,ID4872,117967,7001
331,16,13,331,330,332,0,,,Round Grinding,Round Grinding,ID4445,296,11268
332,16,13,332,331,333,0,,,Round Grinding,Round Grinding,ID4385,59,7988
333,16,13,333,332,334,0,,,Round Grinding,Round Grinding,ID4385,82472,5834
334,16,13,334,333,335,0,,,Round Grinding,Round Grinding,ID4872,22694,13616
335,16,13,335,334,336,0,,,Round Grinding,Round Grinding,ID4355,2681,8647
336,16,13,336,335,337,0,,,Round Grinding,Round Grinding,ID4385,1608,10836
337,16,13,337,336,338,0,,,Round Grinding,Round Grinding,ID4385,1874,1515
338,16,13,338,337,339,0,,,Round Grinding,Round Grinding,ID4528,49187,1932
339,16,13,339,338,340,0,,,Round Grinding,Round Grinding,ID4528,59549,5243
340,16,13,340,339,341,0,,,Round Grinding,Round Grinding,ID4872,126,1012
341,16,13,341,340,342,0,,,Round Grinding,Round Grinding,ID4528,88,9268
342,16,13,342,341,343,0,,,Round Grinding,Round Grinding,ID4528,3410,1572
343,16,13,343,342,344,0,,,Round Grinding,Round Grinding,ID4385,11523,838
344,16,13,344,343,345,0,,,Round Grinding,Round Grinding,ID4445,1063256,9984
345,16,13,345,344,346,0,,,Round Grinding,Round Grinding,ID4445,35410,9733
346,16,13,346,345,347,0,,,Round Grinding,Round Grinding,ID4445,2130,9424
347,16,2,347,346,348,0,,,Final Inspection Q.C.,Final Inspection Q.C.,ID4163,743,5048
348,16,11,348,347,349,0,,,Packing,Packing,ID4491,28994,3026
349,16,2,349,348,350,0,,,Final Inspection Q.C.,Final Inspection Q.C.,ID4163,24807,5369
350,16,2,350,349,351,0,,,Final Inspection Q.C.,Final Inspection Q.C.,ID4287,39399,1912
351,16,13,351,350,352,0,,,Round Grinding,Round Grinding,ID4528,54280,6072
352,16,13,352,351,353,0,,,Round Grinding,Round Grinding,ID4355,40496,10290
353,16,13,353,352,354,0,,,Round Grinding,Round Grinding,ID4355,11479,9785
354,16,2,354,353,355,0,,,Final Inspection Q.C.,Final Inspection Q.C.,ID4163,339261,17702
355,16,2,355,354,356,0,,,Final Inspection Q.C.,Final Inspection Q.C.,ID4618,1088414,17334
356,16,2,356,355,357,0,,,Final Inspection Q.C.,Final Inspection Q.C.,ID4163,20422,931
357,16,11,357,356,358,0,,,Packing,Packing,ID4491,27615,4043
358,16,5,358,357,359,0,,,Grinding Rework,Grinding Rework,ID4528,52786,2280
359,16,5,359,358,360,0,,,Grinding Rework,Grinding Rework,ID4872,1251,3131
360,16,End,360,359,None,0,,,End,End,End,0,0
363,17,Start,363,None,364,0,,,Start,Start,Start,0,0
364,17,18,364,363,365,0,,,Turning,Turning,ID4622,80,7135
365,17,18,365,364,366,0,,,Turning,Turning,ID3718,212,24101
366,17,18,366,365,"(367, 368)",0,,,Turning,Turning,ID4132,83,4965
367,17,11,367,366,369,1,,,Packing,Packing,ID4820,45742,3587
368,17,18,368,366,369,1,,,Turning,Turning,ID4219,2403,7828
369,17,21,369,"(367, 368)",370,0,,,Turning Q.C.,Turning Q.C.,ID4618,1338,4512
370,17,2,370,369,371,0,,,Final Inspection Q.C.,Final Inspection Q.C.,ID4287,924,10213
371,17,End,371,370,None,0,,,End,End,End,0,0
374,18,Start,374,None,375,0,,,Start,Start,Start,0,0
375,18,20,375,374,376,0,,,Turning & Milling Q.C.,Turning & Milling Q.C.,ID4287,6465,4671
376,18,20,376,375,377,0,,,Turning & Milling Q.C.,Turning & Milling Q.C.,ID4618,16295,1780
377,18,6,377,376,"(378, 380)",0,,,Lapping,Lapping,ID0998,103059,11625
378,18,2,378,377,379,1,,,Final Inspection Q.C.,Final Inspection Q.C.,ID4493,20243,5270
379,18,2,379,378,383,1,,,Final Inspection Q.C.,Final Inspection Q.C.,ID4493,4268,9362
380,18,6,380,377,381,1,,,Lapping,Lapping,ID4882,0,12429
381,18,6,381,380,382,1,,,Lapping,Lapping,ID0420,706691,14655
382,18,11,382,381,383,1,,,Packing,Packing,ID4820,23256,3426
383,18,2,383,"(379, 382)",384,0,,,Final Inspection Q.C.,Final Inspection Q.C.,ID4287,785,2965
384,18,End,384,383,None,0,,,End,End,End,0,0
387,19,Start,387,None,388,0,,,Start,Start,Start,0,0
388,19,19,388,387,389,0,,,Turning & Milling,Turning & Milling,ID4794,0,17455
389,19,19,389,388,390,0,,,Turning & Milling,Turning & Milling,ID4529,2909,17531
390,19,19,390,389,391,0,,,Turning & Milling,Turning & Milling,ID0997,668,27684
391,19,19,391,390,392,0,,,Turning & Milling,Turning & Milling,ID4429,0,24625
392,19,19,392,391,393,0,,,Turning & Milling,Turning & Milling,ID4529,303343,20310
393,19,19,393,392,394,0,,,Turning & Milling,Turning & Milling,ID4618,19064,7121
394,19,19,394,393,395,0,,,Turning & Milling,Turning & Milling,ID0997,75835,13333
395,19,20,395,394,396,0,,,Turning & Milling Q.C.,Turning & Milling Q.C.,ID4163,359949,2350
396,19,20,396,395,397,0,,,Turning & Milling Q.C.,Turning & Milling Q.C.,ID4618,1768,309
397,19,7,397,396,"(398, 399)",0,,,Laser Marking,Laser Marking,ID0997,25341,3590
398,19,2,398,397,400,1,,,Final Inspection Q.C.,Final Inspection Q.C.,ID4287,0,742
399,19,2,399,397,400,1,,,Final Inspection Q.C.,Final Inspection Q.C.,ID4163,16214,9725
400,19,2,400,"(398, 399)","(401, 402)",0,,,Final Inspection Q.C.,Final Inspection Q.C.,ID4493,53169,835
401,19,2,401,400,403,1,,,Final Inspection Q.C.,Final Inspection Q.C.,ID4163,14897,3502
402,19,2,402,400,403,1,,,Final Inspection Q.C.,Final Inspection Q.C.,ID4163,1447,690
403,19,11,403,"(401, 402)",404,0,,,Packing,Packing,ID4291,30663,3117
404,19,End,404,403,None,0,,,End,End,End,0,0
407,20,Start,407,None,"(408, 410)",0,,,Start,Start,Start,0,0
408,20,19,408,407,409,1,,,Turning & Milling,Turning & Milling,ID4132,1364,36565
409,20,19,409,408,411,1,,,Turning & Milling,Turning & Milling,ID4429,0,24225
410,20,20,410,407,411,1,,,Turning & Milling Q.C.,Turning & Milling Q.C.,ID4287,40077,5556
411,20,19,411,"(409, 410)",412,0,,,Turning & Milling,Turning & Milling,ID4794,52255,10805
412,20,20,412,411,413,0,,,Turning & Milling Q.C.,Turning & Milling Q.C.,ID4493,21643,4526
413,20,7,413,412,414,0,,,Laser Marking,Laser Marking,ID0998,303131,3570
414,20,6,414,413,"(415, 416)",0,,,Lapping,Lapping,ID4882,423,8331
415,20,6,415,414,417,1,,,Lapping,Lapping,ID0998,2059,5328
416,20,13,416,414,417,1,,,Round Grinding,Round Grinding,ID4528,65,30821
417,20,13,417,"(415, 416)",418,0,,,Round Grinding,Round Grinding,ID4355,1009,18076
418,20,13,418,417,419,0,,,Round Grinding,Round Grinding,ID4618,213,8372
419,20,13,419,418,420,0,,,Round Grinding,Round Grinding,ID0420,38711,3786
420,20,13,420,419,"(421, 422)",0,,,Round Grinding,Round Grinding,ID4385,1350,4801
421,20,13,421,420,423,1,,,Round Grinding,Round Grinding,ID4618,91,34
422,20,13,422,420,423,1,,,Round Grinding,Round Grinding,ID4355,2630,30191
423,20,11,423,"(421, 422)",424,0,,,Packing,Packing,ID4820,28497,4087
424,20,End,424,423,None,0,,,End,End,End,0,0
427,21,Start,427,None,428,0,,,Start,Start,Start,0,0
428,21,13,428,427,429,0,,,Round Grinding,Round Grinding,ID4385,5883,14484
429,21,11,429,428,430,0,,,Packing,Packing,ID4291,29479,3549
430,21,2,430,429,431,0,,,Final Inspection Q.C.,Final Inspection Q.C.,ID4287,221485,6935
431,21,End,431,430,None,0,,,End,End,End,0,0
434,22,Start,434,None,435,0,,,Start,Start,Start,0,0
435,22,19,435,434,436,0,,,Turning & Milling,Turning & Milling,ID4794,13455,15660
436,22,19,436,435,437,0,,,Turning & Milling,Turning & Milling,ID4167,653,24646
437,22,19,437,436,438,0,,,Turning & Milling,Turning & Milling,ID4219,42557,2282
438,22,19,438,437,439,0,,,Turning & Milling,Turning & Milling,ID4529,2600,36044
439,22,19,439,438,440,0,,,Turning & Milling,Turning & Milling,ID0997,2114,2667
440,22,19,440,439,441,0,,,Turning & Milling,Turning & Milling,ID4932,287,33910
441,22,19,441,440,442,0,,,Turning & Milling,Turning & Milling,ID4429,120,21815
442,22,19,442,441,"(443, 444)",0,,,Turning & Milling,Turning & Milling,ID4529,2070,26222
443,22,4,443,442,446,1,,,Flat Grinding,Flat Grinding,ID4882,16675,2691
444,22,20,444,442,445,1,,,Turning & Milling Q.C.,Turning & Milling Q.C.,ID4618,3632,5683
445,22,19,445,444,446,1,,,Turning & Milling,Turning & Milling,ID4718,33133,64794
446,22,7,446,"(443, 445)",447,0,,,Laser Marking,Laser Marking,ID4718,1283,4047
447,22,7,447,446,448,0,,,Laser Marking,Laser Marking,ID0998,953,4212
448,22,2,448,447,449,0,,,Final Inspection Q.C.,Final Inspection Q.C.,ID4493,10206,2514
449,22,2,449,448,450,0,,,Final Inspection Q.C.,Final Inspection Q.C.,ID4618,197,10079
450,22,11,450,449,451,0,,,Packing,Packing,ID4491,39460,3425
451,22,11,451,450,452,0,,,Packing,Packing,ID4820,103829,3205
452,22,End,452,451,None,0,,,End,End,End,0,0
455,23,Start,455,None,456,0,,,Start,Start,Start,0,0
456,23,11,456,455,457,0,,,Packing,Packing,ID4491,292496,3985
457,23,2,457,456,458,0,,,Final Inspection Q.C.,Final Inspection Q.C.,ID4493,31934,2953
458,23,End,458,457,None,0,,,End,End,End,0,0
461,24,Start,461,None,462,0,,,Start,Start,Start,0,0
462,24,19,462,461,463,0,,,Turning & Milling,Turning & Milling,ID3846,4156,31147
463,24,19,463,462,464,0,,,Turning & Milling,Turning & Milling,ID4167,93750,14122
464,24,19,464,463,465,0,,,Turning & Milling,Turning & Milling,ID4641,15811,1244
465,24,20,465,464,466,0,,,Turning & Milling Q.C.,Turning & Milling Q.C.,ID4618,322,5721
466,24,20,466,465,467,0,,,Turning & Milling Q.C.,Turning & Milling Q.C.,ID4287,16109,3073
467,24,7,467,466,468,0,,,Laser Marking,Laser Marking,ID0998,4451,4678
468,24,6,468,467,"(469, 472)",0,,,Lapping,Lapping,ID0998,156,3159
469,24,13,469,468,470,1,,,Round Grinding,Round Grinding,ID4385,392332,2540
470,24,13,470,469,471,1,,,Round Grinding,Round Grinding,ID4160,4075,17344
471,24,13,471,470,474,1,,,Round Grinding,Round Grinding,ID4355,43808,6612
472,24,19,472,468,473,1,,,Turning & Milling,Turning & Milling,ID4529,146,31766
473,24,13,473,472,474,1,,,Round Grinding,Round Grinding,ID0420,290943,7746
474,24,2,474,"(471, 473)",475,0,,,Final Inspection Q.C.,Final Inspection Q.C.,ID4493,39624,7071
475,24,11,475,474,476,0,,,Packing,Packing,ID4820,211241,4105
476,24,2,476,475,477,0,,,Final Inspection Q.C.,Final Inspection Q.C.,ID4493,31708,5773
477,24,End,477,476,None,0,,,End,End,End,0,0
480,25,Start,480,None,481,0,,,Start,Start,Start,0,0
481,25,19,481,480,482,0,,,Turning & Milling,Turning & Milling,ID4641,129,19182
482,25,19,482,481,"(483, 485)",0,,,Turning & Milling,Turning & Milling,ID4132,22894,10260
483,25,19,483,482,484,1,,,Turning & Milling,Turning & Milling,ID4429,302644,5820
484,25,19,484,483,486,1,,,Turning & Milling,Turning & Milling,ID4794,207047,24139
485,25,19,485,482,486,1,,,Turning & Milling,Turning & Milling,ID4794,268985,8750
486,25,21,486,"(484, 485)",487,0,,,Turning Q.C.,Turning Q.C.,ID4493,98379,6972
487,25,19,487,486,488,0,,,Turning & Milling,Turning & Milling,ID4932,0,5491
488,25,19,488,487,489,0,,,Turning & Milling,Turning & Milling,ID4529,6367,42753
489,25,19,489,488,490,0,,,Turning & Milling,Turning & Milling,ID4932,57661,32095
490,25,19,490,489,"(491, 492)",0,,,Turning & Milling,Turning & Milling,ID4783,4874,19511
491,25,19,491,490,493,1,,,Turning & Milling,Turning & Milling,ID4794,59,17484
492,25,19,492,490,493,1,,,Turning & Milling,Turning & Milling,ID4932,29492,38814
493,25,21,493,"(491, 492)",494,0,,,Turning Q.C.,Turning Q.C.,ID4287,85459,6422
494,25,7,494,493,"(495, 496)",0,,,Laser Marking,Laser Marking,ID0998,777,2370
495,25,7,495,494,498,1,,,Laser Marking,Laser Marking,ID4718,232542,1650
496,25,20,496,494,497,1,,,Turning & Milling Q.C.,Turning & Milling Q.C.,ID4163,152506,5938
497,25,7,497,496,498,1,,,Laser Marking,Laser Marking,ID4882,169445,1666
498,25,End,498,"(495, 497)",None,0,,,End,End,End,0,0
501,26,Start,501,None,502,0,,,Start,Start,Start,0,0
502,26,19,502,501,503,0,,,Turning & Milling,Turning & Milling,ID4167,124,22061
503,26,19,503,502,504,0,,,Turning & Milling,Turning & Milling,ID0937,29766,10954
504,26,19,504,503,505,0,,,Turning & Milling,Turning & Milling,ID4718,53,29863
505,26,19,505,504,506,0,,,Turning & Milling,Turning & Milling,ID4794,990,7492
506,26,19,506,505,507,0,,,Turning & Milling,Turning & Milling,ID4529,68732,49409
507,26,19,507,506,"(508, 510)",0,,,Turning & Milling,Turning & Milling,ID4429,1025,29928
508,26,19,508,507,509,1,,,Turning & Milling,Turning & Milling,ID4429,6227,19115
509,26,19,509,508,511,1,,,Turning & Milling,Turning & Milling,ID4783,2727,184
510,26,20,510,507,511,1,,,Turning & Milling Q.C.,Turning & Milling Q.C.,ID4287,987,12820
511,26,19,511,"(509, 510)",512,0,,,Turning & Milling,Turning & Milling,ID4529,0,18914
512,26,20,512,511,513,0,,,Turning & Milling Q.C.,Turning & Milling Q.C.,ID4163,1142786,1536
513,26,20,513,512,514,0,,,Turning & Milling Q.C.,Turning & Milling Q.C.,ID4618,1019,604
514,26,19,514,513,"(515, 516)",0,,,Turning & Milling,Turning & Milling,ID4529,260050,1530
515,26,19,515,514,518,1,,,Turning & Milling,Turning & Milling,ID4932,18500,1870
516,26,20,516,514,517,1,,,Turning & Milling Q.C.,Turning & Milling Q.C.,ID4618,8750,2299
517,26,19,517,516,518,1,,,Turning & Milling,Turning & Milling,ID4287,1201,31143
518,26,20,518,"(515, 517)",519,0,,,Turning & Milling Q.C.,Turning & Milling Q.C.,ID4618,402657,5927
519,26,20,519,518,"(520, 522)",0,,,Turning & Milling Q.C.,Turning & Milling Q.C.,ID4618,151865,287
520,26,19,520,519,521,1,,,Turning & Milling,Turning & Milling,ID3846,52074,29293
521,26,19,521,520,525,1,,,Turning & Milling,Turning & Milling,ID4355,19141,19203
522,26,20,522,519,523,1,,,Turning & Milling Q.C.,Turning & Milling Q.C.,ID4618,5316,92
523,26,7,523,522,524,1,,,Laser Marking,Laser Marking,ID4882,97228,1533
524,26,19,524,523,525,1,,,Turning & Milling,Turning & Milling,ID4219,68465,4832
525,26,19,525,"(521, 524)",526,0,,,Turning & Milling,Turning & Milling,ID4932,0,6593
526,26,19,526,525,527,0,,,Turning & Milling,Turning & Milling,ID4529,135,10593
527,26,19,527,526,528,0,,,Turning & Milling,Turning & Milling,ID4167,260,6144
528,26,19,528,527,"(529, 531)",0,,,Turning & Milling,Turning & Milling,ID0997,6602,22616
529,26,19,529,528,530,1,,,Turning & Milling,Turning & Milling,ID4429,26575,3895
530,26,19,530,529,532,1,,,Turning & Milling,Turning & Milling,ID4794,18714,41639
531,26,20,531,528,532,1,,,Turning & Milling Q.C.,Turning & Milling Q.C.,ID4163,4954,1192
532,26,19,532,"(530, 531)",533,0,,,Turning & Milling,Turning & Milling,ID4529,20281,22098
533,26,19,533,532,"(534, 535)",0,,,Turning & Milling,Turning & Milling,ID4429,23307,31741
534,26,19,534,533,536,1,,,Turning & Milling,Turning & Milling,ID4167,88,3150
535,26,19,535,533,536,1,,,Turning & Milling,Turning & Milling,ID0997,11900,35184
536,26,20,536,"(534, 535)",537,0,,,Turning & Milling Q.C.,Turning & Milling Q.C.,ID4493,0,477
537,26,7,537,536,538,0,,,Laser Marking,Laser Marking,ID4718,34988,837
538,26,20,538,537,539,0,,,Turning & Milling Q.C.,Turning & Milling Q.C.,ID4493,55,3186
539,26,7,539,538,"(540, 542)",0,,,Laser Marking,Laser Marking,ID4882,1451608,2586
540,26,4,540,539,541,1,,,Flat Grinding,Flat Grinding,ID4528,47263,10196
541,26,4,541,540,543,1,,,Flat Grinding,Flat Grinding,ID4882,3970,2436
542,26,6,542,539,543,1,,,Lapping,Lapping,ID4882,162110,4366
543,26,13,543,"(541, 542)","(544, 546, 547)",0,,,Round Grinding,Round Grinding,ID4528,1332,14329
544,26,4,544,543,545,1,,,Flat Grinding,Flat Grinding,ID4872,25703,6669
545,26,2,545,544,548,1,,,Final Inspection Q.C.,Final Inspection Q.C.,ID4618,45092,5568
546,26,6,546,543,548,1,,,Lapping,Lapping,ID4882,28886,5515
547,26,13,547,543,548,1,,,Round Grinding,Round Grinding,ID4385,64,1448
548,26,13,548,"(545, 546, 547)",549,0,,,Round Grinding,Round Grinding,ID4163,465,15134
549,26,13,549,548,"(550, 551)",0,,,Round Grinding,Round Grinding,ID4355,8397,8532
550,26,2,550,549,552,1,,,Final Inspection Q.C.,Final Inspection Q.C.,ID4287,27608,6179
551,26,2,551,549,552,1,,,Final Inspection Q.C.,Final Inspection Q.C.,ID4163,372677,130
552,26,2,552,"(550, 551)",553,0,,,Final Inspection Q.C.,Final Inspection Q.C.,ID4287,50517,1011
553,26,11,553,552,554,0,,,Packing,Packing,ID4820,22397,3403
554,26,3,554,553,555,0,,,Fix,Fix,ID4932,45986,3690
555,26,3,555,554,556,0,,,Fix,Fix,ID4219,7607,3293
556,26,11,556,555,557,0,,,Packing,Packing,ID4820,19497,4130
557,26,20,557,556,558,0,,,Turning & Milling Q.C.,Turning & Milling Q.C.,ID4618,3406801,11536
558,26,2,558,557,559,0,,,Final Inspection Q.C.,Final Inspection Q.C.,ID4287,1099,14423
559,26,End,559,558,None,0,,,End,End,End,0,0
562,27,Start,562,None,563,0,,,Start,Start,Start,0,0
563,27,19,563,562,564,0,,,Turning & Milling,Turning & Milling,ID3846,6516,16914
564,27,19,564,563,565,0,,,Turning & Milling,Turning & Milling,ID4529,79394,1669
565,27,19,565,564,566,0,,,Turning & Milling,Turning & Milling,ID3846,4658,26957
566,27,19,566,565,567,0,,,Turning & Milling,Turning & Milling,ID4794,70,2937
567,27,19,567,566,568,0,,,Turning & Milling,Turning & Milling,ID4718,7733,2702
568,27,19,568,567,"(569, 571)",0,,,Turning & Milling,Turning & Milling,ID4529,15017,4600
569,27,19,569,568,570,1,,,Turning & Milling,Turning & Milling,ID4794,1329,14618
570,27,18,570,569,572,1,,,Turning,Turning,ID4287,375,28011
571,27,20,571,568,572,1,,,Turning & Milling Q.C.,Turning & Milling Q.C.,ID0420,9689,3332
572,27,19,572,"(570, 571)",573,0,,,Turning & Milling,Turning & Milling,ID4529,780,6547
573,27,20,573,572,574,0,,,Turning & Milling Q.C.,Turning & Milling Q.C.,ID4287,5686,9538
574,27,20,574,573,575,0,,,Turning & Milling Q.C.,Turning & Milling Q.C.,ID4287,79533,18867
575,27,7,575,574,576,0,,,Laser Marking,Laser Marking,ID0998,83221,2075
576,27,4,576,575,577,0,,,Flat Grinding,Flat Grinding,ID0998,2027,2785
577,27,13,577,576,578,0,,,Round Grinding,Round Grinding,ID0420,18462,2672
578,27,13,578,577,579,0,,,Round Grinding,Round Grinding,ID4528,2357,2665
579,27,2,579,578,580,0,,,Final Inspection Q.C.,Final Inspection Q.C.,ID4493,146288,922
580,27,2,580,579,581,0,,,Final Inspection Q.C.,Final Inspection Q.C.,ID4618,4354,3046
581,27,11,581,580,582,0,,,Packing,Packing,ID4820,492445,3915
582,27,End,582,581,None,0,,,End,End,End,0,0
585,28,Start,585,None,"(586, 587)",0,,,Start,Start,Start,0,0
586,28,19,586,585,588,1,,,Turning & Milling,Turning & Milling,ID4219,3120,2097
587,28,21,587,585,588,1,,,Turning Q.C.,Turning Q.C.,ID4287,0,1553
588,28,19,588,"(586, 587)","(589, 590)",0,,,Turning & Milling,Turning & Milling,ID4429,218,6002
589,28,19,589,588,591,1,,,Turning & Milling,Turning & Milling,ID4355,10836,41109
590,28,20,590,588,591,1,,,Turning & Milling Q.C.,Turning & Milling Q.C.,ID4493,160,8547
591,28,19,591,"(589, 590)","(592, 593)",0,,,Turning & Milling,Turning & Milling,ID4794,4092,2744
592,28,19,592,591,595,1,,,Turning & Milling,Turning & Milling,ID0997,16357,6558
593,28,19,593,591,594,1,,,Turning & Milling,Turning & Milling,ID4529,10323,7886
594,28,19,594,593,595,1,,,Turning & Milling,Turning & Milling,ID4219,326729,9870
595,28,19,595,"(592, 594)",596,0,,,Turning & Milling,Turning & Milling,ID4219,12506,13121
596,28,19,596,595,597,0,,,Turning & Milling,Turning & Milling,ID4429,5305,8948
597,28,20,597,596,598,0,,,Turning & Milling Q.C.,Turning & Milling Q.C.,ID4287,45,1146
598,28,7,598,597,"(599, 600)",0,,,Laser Marking,Laser Marking,ID0997,29226,3607
599,28,4,599,598,601,1,,,Flat Grinding,Flat Grinding,ID4882,34333,7782
600,28,7,600,598,601,1,,,Laser Marking,Laser Marking,ID4355,50958,4658
601,28,4,601,"(599, 600)",602,0,,,Flat Grinding,Flat Grinding,ID4528,29070,11050
602,28,4,602,601,603,0,,,Flat Grinding,Flat Grinding,ID0998,270,4427
603,28,13,603,602,604,0,,,Round Grinding,Round Grinding,ID4385,548617,6090
604,28,13,604,603,605,0,,,Round Grinding,Round Grinding,ID4355,23788,4364
605,28,13,605,604,606,0,,,Round Grinding,Round Grinding,ID4445,91641,12151
606,28,13,606,605,"(607, 608, 609)",0,,,Round Grinding,Round Grinding,ID4385,510,4575
607,28,4,607,606,610,1,,,Flat Grinding,Flat Grinding,ID4882,22231,3472
608,28,6,608,606,610,1,,,Lapping,Lapping,ID0998,83244,4026
609,28,13,609,606,610,1,,,Round Grinding,Round Grinding,ID0420,0,4033
610,28,13,610,"(607, 608, 609)",611,0,,,Round Grinding,Round Grinding,ID4355,76,8971
611,28,13,611,610,612,0,,,Round Grinding,Round Grinding,ID4528,109256,17491
612,28,13,612,611,613,0,,,Round Grinding,Round Grinding,ID4385,65,32625
613,28,13,613,612,"(614, 616)",0,,,Round Grinding,Round Grinding,ID4355,0,12476
614,28,13,614,613,615,1,,,Round Grinding,Round Grinding,ID0420,1,11565
615,28,13,615,614,618,1,,,Round Grinding,Round Grinding,ID4445,0,14315
616,28,13,616,613,617,1,,,Round Grinding,Round Grinding,ID4445,9119,37246
617,28,13,617,616,618,1,,,Round Grinding,Round Grinding,ID4528,79,5908
618,28,13,618,"(615, 617)",619,0,,,Round Grinding,Round Grinding,ID4445,75,10309
619,28,13,619,618,620,0,,,Round Grinding,Round Grinding,ID0420,10468,3755
620,28,13,620,619,621,0,,,Round Grinding,Round Grinding,ID4445,69,8826
621,28,13,621,620,622,0,,,Round Grinding,Round Grinding,ID4618,12388,1023
622,28,2,622,621,623,0,,,Final Inspection Q.C.,Final Inspection Q.C.,ID4287,240677,5083
623,28,2,623,622,624,0,,,Final Inspection Q.C.,Final Inspection Q.C.,ID4287,36289,3728
624,28,11,624,623,625,0,,,Packing,Packing,ID4820,51893,4016
625,28,3,625,624,626,0,,,Fix,Fix,ID3998,43,7207
626,28,3,626,625,627,0,,,Fix,Fix,ID4442,4394,15627
627,28,2,627,626,628,0,,,Final Inspection Q.C.,Final Inspection Q.C.,ID4163,22124,8275
628,28,11,628,627,629,0,,,Packing,Packing,ID4820,44568,3228
629,28,2,629,628,630,0,,,Final Inspection Q.C.,Final Inspection Q.C.,ID4163,319868,3524
630,28,End,630,629,None,0,,,End,End,End,0,0
633,29,Start,633,None,634,0,,,Start,Start,Start,0,0
634,29,19,634,633,635,0,,,Turning & Milling,Turning & Milling,ID4167,1204,23372
635,29,19,635,634,636,0,,,Turning & Milling,Turning & Milling,ID4529,3920,8702
636,29,19,636,635,637,0,,,Turning & Milling,Turning & Milling,ID4429,0,20186
637,29,19,637,636,638,0,,,Turning & Milling,Turning & Milling,ID3846,1586,14890
638,29,20,638,637,639,0,,,Turning & Milling Q.C.,Turning & Milling Q.C.,ID4287,85577,14734
639,29,7,639,638,640,0,,,Laser Marking,Laser Marking,ID4718,990,240
640,29,5,640,639,641,0,,,Grinding Rework,Grinding Rework,ID4528,5160,2107
641,29,6,641,640,642,0,,,Lapping,Lapping,ID0998,0,2023
642,29,6,642,641,643,0,,,Lapping,Lapping,ID4882,3911,4568
643,29,13,643,642,644,0,,,Round Grinding,Round Grinding,ID4528,9507,1078
644,29,13,644,643,645,0,,,Round Grinding,Round Grinding,ID4445,28189,22217
645,29,13,645,644,646,0,,,Round Grinding,Round Grinding,ID4355,0,22538
646,29,End,646,645,None,0,,,End,End,End,0,0
649,30,Start,649,None,650,0,,,Start,Start,Start,0,0
650,30,19,650,649,651,0,,,Turning & Milling,Turning & Milling,ID4529,281,24347
651,30,19,651,650,652,0,,,Turning & Milling,Turning & Milling,ID4641,234,23126
652,30,19,652,651,653,0,,,Turning & Milling,Turning & Milling,ID4167,9098,40963
653,30,19,653,652,654,0,,,Turning & Milling,Turning & Milling,ID4429,6000,5516
654,30,19,654,653,655,0,,,Turning & Milling,Turning & Milling,ID4932,301,10182
655,30,19,655,654,656,0,,,Turning & Milling,Turning & Milling,ID4529,162,2516
656,30,20,656,655,657,0,,,Turning & Milling Q.C.,Turning & Milling Q.C.,ID4287,20489,7675
657,30,20,657,656,"(658, 659)",0,,,Turning & Milling Q.C.,Turning & Milling Q.C.,ID4287,8531,1959
658,30,4,658,657,660,1,,,Flat Grinding,Flat Grinding,ID0998,1,2462
659,30,7,659,657,660,1,,,Laser Marking,Laser Marking,ID0998,161974,2647
660,30,6,660,"(658, 659)",661,0,,,Lapping,Lapping,ID4882,0,4291
661,30,13,661,660,662,0,,,Round Grinding,Round Grinding,ID4445,1086,18829
662,30,13,662,661,663,0,,,Round Grinding,Round Grinding,ID4385,4098,2286
663,30,5,663,662,664,0,,,Grinding Rework,Grinding Rework,ID4528,13604,5990
664,30,11,664,663,665,0,,,Packing,Packing,ID4820,25102,3912
665,30,2,665,664,666,0,,,Final Inspection Q.C.,Final Inspection Q.C.,ID4287,11511,109
666,30,End,666,665,None,0,,,End,End,End,0,0
669,31,Start,669,None,670,0,,,Start,Start,Start,0,0
670,31,19,670,669,671,0,,,Turning & Milling,Turning & Milling,ID4167,63,28167
671,31,19,671,670,"(672, 673)",0,,,Turning & Milling,Turning & Milling,ID4794,377,10517
672,31,19,672,671,674,1,,,Turning & Milling,Turning & Milling,ID4932,269,2056
673,31,19,673,671,674,1,,,Turning & Milling,Turning & Milling,ID4932,5044,30179
674,31,21,674,"(672, 673)",675,0,,,Turning Q.C.,Turning Q.C.,ID4493,917,2784
675,31,19,675,674,676,0,,,Turning & Milling,Turning & Milling,ID4167,129,13813
676,31,19,676,675,677,0,,,Turning & Milling,Turning & Milling,ID4794,2462,4667
677,31,19,677,676,678,0,,,Turning & Milling,Turning & Milling,ID4641,30596,41213
678,31,19,678,677,"(679, 680)",0,,,Turning & Milling,Turning & Milling,ID4794,40343,44226
679,31,19,679,678,681,1,,,Turning & Milling,Turning & Milling,ID4794,39898,5269
680,31,21,680,678,681,1,,,Turning Q.C.,Turning Q.C.,ID4493,65531,3840
681,31,21,681,"(679, 680)",682,0,,,Turning Q.C.,Turning Q.C.,ID4287,108881,3015
682,31,7,682,681,"(683, 684)",0,,,Laser Marking,Laser Marking,ID0998,30004,3422
683,31,7,683,682,685,1,,,Laser Marking,Laser Marking,ID4882,114671,3217
684,31,20,684,682,685,1,,,Turning & Milling Q.C.,Turning & Milling Q.C.,ID4287,66,3584
685,31,End,685,"(683, 684)",None,0,,,End,End,End,0,0
688,32,Start,688,None,"(689, 690)",0,,,Start,Start,Start,0,0
689,32,18,689,688,691,1,,,Turning,Turning,ID4219,183,15753
690,32,19,690,688,691,1,,,Turning & Milling,Turning & Milling,ID0937,1308,2293
691,32,19,691,"(689, 690)","(692, 694)",0,,,Turning & Milling,Turning & Milling,ID4794,272,40570
692,32,19,692,691,693,1,,,Turning & Milling,Turning & Milling,ID4219,37404,16543
693,32,20,693,692,695,1,,,Turning & Milling Q.C.,Turning & Milling Q.C.,ID4618,416,340
694,32,20,694,691,695,1,,,Turning & Milling Q.C.,Turning & Milling Q.C.,ID4163,173326,4006
695,32,7,695,"(693, 694)",696,0,,,Laser Marking,Laser Marking,ID0998,110423,7051
696,32,6,696,695,697,0,,,Lapping,Lapping,ID4882,124546,4018
697,32,5,697,696,698,0,,,Grinding Rework,Grinding Rework,ID4528,37909,15009
698,32,6,698,697,699,0,,,Lapping,Lapping,ID4882,21842,3856
699,32,6,699,698,"(700, 701, 702)",0,,,Lapping,Lapping,ID0998,6385,829
700,32,6,700,699,703,1,,,Lapping,Lapping,ID0998,93522,8597
701,32,6,701,699,703,1,,,Lapping,Lapping,ID4882,1035,4646
702,32,7,702,699,703,1,,,Laser Marking,Laser Marking,ID4872,78099,1568
703,32,6,703,"(700, 701, 702)",704,0,,,Lapping,Lapping,ID0998,5891,8181
704,32,6,704,703,"(705, 707, 709, 710)",0,,,Lapping,Lapping,ID4882,20811,11786
705,32,2,705,704,706,1,,,Final Inspection Q.C.,Final Inspection Q.C.,ID4163,739,2786
706,32,6,706,705,712,1,,,Lapping,Lapping,ID4355,114893,9151
707,32,7,707,704,708,1,,,Laser Marking,Laser Marking,ID4445,927334,9850
708,32,6,708,707,712,1,,,Lapping,Lapping,ID4882,31781,6744
709,32,13,709,704,712,1,,,Round Grinding,Round Grinding,ID4618,878,8175
710,32,20,710,704,711,1,,,Turning & Milling Q.C.,Turning & Milling Q.C.,ID4287,24011,7238
711,32,6,711,710,712,1,,,Lapping,Lapping,ID4528,87548,7644
712,32,13,712,"(706, 708, 709, 711)",713,0,,,Round Grinding,Round Grinding,ID4445,1,6856
713,32,13,713,712,714,0,,,Round Grinding,Round Grinding,ID4872,64,9525
714,32,13,714,713,715,0,,,Round Grinding,Round Grinding,ID4528,36040,6347
715,32,6,715,714,716,0,,,Lapping,Lapping,ID4882,7754,5840
716,32,6,716,715,717,0,,,Lapping,Lapping,ID4882,95,11189
717,32,13,717,716,718,0,,,Round Grinding,Round Grinding,ID4163,33851,12014
718,32,13,718,717,719,0,,,Round Grinding,Round Grinding,ID4355,7405,6160
719,32,13,719,718,720,0,,,Round Grinding,Round Grinding,ID4528,222446,8477
720,32,13,720,719,721,0,,,Round Grinding,Round Grinding,ID4385,263,15011
721,32,13,721,720,722,0,,,Round Grinding,Round Grinding,ID4445,73352,38229
722,32,13,722,721,723,0,,,Round Grinding,Round Grinding,ID4287,48,1029
723,32,13,723,722,724,0,,,Round Grinding,Round Grinding,ID4385,25867,3825
724,32,13,724,723,725,0,,,Round Grinding,Round Grinding,ID4385,86686,3777
725,32,13,725,724,726,0,,,Round Grinding,Round Grinding,ID4445,2012,16612
726,32,13,726,725,727,0,,,Round Grinding,Round Grinding,ID0420,23009,11789
727,32,13,727,726,728,0,,,Round Grinding,Round Grinding,ID4528,107865,3495
728,32,13,728,727,"(729, 730, 732)",0,,,Round Grinding,Round Grinding,ID4287,255387,3167
729,32,6,729,728,733,1,,,Lapping,Lapping,ID0998,57,3965
730,32,11,730,728,731,1,,,Packing,Packing,ID4291,42774,5826
731,32,2,731,730,733,1,,,Final Inspection Q.C.,Final Inspection Q.C.,ID4618,18187,951
732,32,13,732,728,733,1,,,Round Grinding,Round Grinding,ID4528,134371,3846
733,32,13,733,"(729, 731, 732)",734,0,,,Round Grinding,Round Grinding,ID4109,118688,5819
734,32,2,734,733,735,0,,,Final Inspection Q.C.,Final Inspection Q.C.,ID4618,1,534
735,32,11,735,734,736,0,,,Packing,Packing,ID4820,13972,3127
736,32,2,736,735,737,0,,,Final Inspection Q.C.,Final Inspection Q.C.,ID4493,292395,13272
737,32,11,737,736,738,0,,,Packing,Packing,ID4291,57218,3545
738,32,2,738,737,739,0,,,Final Inspection Q.C.,Final Inspection Q.C.,ID4618,38365,7611
739,32,5,739,738,740,0,,,Grinding Rework,Grinding Rework,ID4528,323490,10547
740,32,5,740,739,741,0,,,Grinding Rework,Grinding Rework,ID4882,1430,9674
741,32,5,741,740,742,0,,,Grinding Rework,Grinding Rework,ID4882,2290,11943
742,32,2,742,741,743,0,,,Final Inspection Q.C.,Final Inspection Q.C.,ID4163,74928,16901
743,32,2,743,742,744,0,,,Final Inspection Q.C.,Final Inspection Q.C.,ID4163,766,15790
744,32,11,744,743,"(745, 746)",0,,,Packing,Packing,ID4820,20466,3545
745,32,2,745,744,747,1,,,Final Inspection Q.C.,Final Inspection Q.C.,ID4287,76568,8708
746,32,11,746,744,747,1,,,Packing,Packing,ID4820,127230,3289
747,32,11,747,"(745, 746)",748,0,,,Packing,Packing,ID4291,297848,3998
748,32,11,748,747,749,0,,,Packing,Packing,ID4291,23167,3571
749,32,End,749,748,None,0,,,End,End,End,0,0
752,33,Start,752,None,753,0,,,Start,Start,Start,0,0
753,33,19,753,752,754,0,,,Turning & Milling,Turning & Milling,ID4167,0,4339
754,33,19,754,753,755,0,,,Turning & Milling,Turning & Milling,ID0997,54,14025
755,33,19,755,754,756,0,,,Turning & Milling,Turning & Milling,ID0997,686,13768
756,33,19,756,755,757,0,,,Turning & Milling,Turning & Milling,ID4529,651,43054
757,33,20,757,756,758,0,,,Turning & Milling Q.C.,Turning & Milling Q.C.,ID4493,96532,2152
758,33,7,758,757,759,0,,,Laser Marking,Laser Marking,ID0998,573,881
759,33,5,759,758,760,0,,,Grinding Rework,Grinding Rework,ID4528,24355,9935
760,33,6,760,759,761,0,,,Lapping,Lapping,ID4882,8471,9015
761,33,6,761,760,762,0,,,Lapping,Lapping,ID4528,32063,7663
762,33,13,762,761,763,0,,,Round Grinding,Round Grinding,ID4160,8353,69
763,33,13,763,762,764,0,,,Round Grinding,Round Grinding,ID4528,6941,1547
764,33,13,764,763,765,0,,,Round Grinding,Round Grinding,ID4287,18240,18747
765,33,End,765,764,None,0,,,End,End,End,0,0
768,34,Start,768,None,"(769, 770)",0,,,Start,Start,Start,0,0
769,34,19,769,768,771,1,,,Turning & Milling,Turning & Milling,ID0997,259,9953
770,34,20,770,768,771,1,,,Turning & Milling Q.C.,Turning & Milling Q.C.,ID4287,37651,2554
771,34,19,771,"(769, 770)",772,0,,,Turning & Milling,Turning & Milling,ID4529,70338,18053
772,34,19,772,771,773,0,,,Turning & Milling,Turning & Milling,ID4167,540,22434
773,34,21,773,772,774,0,,,Turning Q.C.,Turning Q.C.,ID4287,477,2561
774,34,7,774,773,"(775, 776)",0,,,Laser Marking,Laser Marking,ID0998,16301,1302
775,34,6,775,774,777,1,,,Lapping,Lapping,ID4882,9420,5610
776,34,20,776,774,777,1,,,Turning & Milling Q.C.,Turning & Milling Q.C.,ID4618,132,3271
777,34,2,777,"(775, 776)",778,0,,,Final Inspection Q.C.,Final Inspection Q.C.,ID4618,39,7561
778,34,2,778,777,779,0,,,Final Inspection Q.C.,Final Inspection Q.C.,ID4163,64836,9203
779,34,11,779,778,780,0,,,Packing,Packing,ID4820,59329,2746
780,34,End,780,779,None,0,,,End,End,End,0,0
783,35,Start,783,None,784,0,,,Start,Start,Start,0,0
784,35,14,784,783,785,0,,,SETUP     Turning & Milling,SETUP     Turning & Milling,ID4287,0,17889
785,35,19,785,784,786,0,,,Turning & Milling,Turning & Milling,ID4429,0,11372
786,35,20,786,785,787,0,,,Turning & Milling Q.C.,Turning & Milling Q.C.,ID4287,46,2473
787,35,7,787,786,788,0,,,Laser Marking,Laser Marking,ID0998,7835,886
788,35,End,788,787,None,0,,,End,End,End,0,0
791,36,Start,791,None,792,0,,,Start,Start,Start,0,0
792,36,19,792,791,793,0,,,Turning & Milling,Turning & Milling,ID4429,2122,6131
793,36,19,793,792,794,0,,,Turning & Milling,Turning & Milling,ID4932,4444,24393
794,36,19,794,793,795,0,,,Turning & Milling,Turning & Milling,ID4641,36084,5498
795,36,19,795,794,796,0,,,Turning & Milling,Turning & Milling,ID0997,1957,4425
796,36,19,796,795,797,0,,,Turning & Milling,Turning & Milling,ID4167,13245,30906
797,36,19,797,796,798,0,,,Turning & Milling,Turning & Milling,ID4167,1637,35346
798,36,20,798,797,799,0,,,Turning & Milling Q.C.,Turning & Milling Q.C.,ID4493,6687,4001
799,36,7,799,798,800,0,,,Laser Marking,Laser Marking,ID0998,3002,2420
800,36,6,800,799,801,0,,,Lapping,Lapping,ID4882,430,669
801,36,13,801,800,802,0,,,Round Grinding,Round Grinding,ID4385,72523,10687
802,36,13,802,801,803,0,,,Round Grinding,Round Grinding,ID4287,324227,26881
803,36,13,803,802,804,0,,,Round Grinding,Round Grinding,ID4355,68943,16657
804,36,11,804,803,805,0,,,Packing,Packing,ID4820,44687,3209
805,36,2,805,804,806,0,,,Final Inspection Q.C.,Final Inspection Q.C.,ID4287,2289,6904
806,36,End,806,805,None,0,,,End,End,End,0,0
809,37,Start,809,None,810,0,,,Start,Start,Start,0,0
810,37,19,810,809,"(811, 812, 813)",0,,,Turning & Milling,Turning & Milling,ID4932,10094,27719
811,37,19,811,810,814,1,,,Turning & Milling,Turning & Milling,ID4932,0,3375
812,37,19,812,810,814,1,,,Turning & Milling,Turning & Milling,ID4641,43799,34082
813,37,20,813,810,814,1,,,Turning & Milling Q.C.,Turning & Milling Q.C.,ID4618,98340,5013
814,37,19,814,"(811, 812, 813)",815,0,,,Turning & Milling,Turning & Milling,ID4932,1296,9390
815,37,19,815,814,816,0,,,Turning & Milling,Turning & Milling,ID4163,0,27317
816,37,20,816,815,817,0,,,Turning & Milling Q.C.,Turning & Milling Q.C.,ID4163,425154,3260
817,37,7,817,816,818,0,,,Laser Marking,Laser Marking,ID0998,30955,5904
818,37,6,818,817,819,0,,,Lapping,Lapping,ID4872,62310,3249
819,37,2,819,818,820,0,,,Final Inspection Q.C.,Final Inspection Q.C.,ID4618,150304,9037
820,37,11,820,819,821,0,,,Packing,Packing,ID4820,46611,3057
821,37,End,821,820,None,0,,,End,End,End,0,0
824,38,Start,824,None,825,0,,,Start,Start,Start,0,0
825,38,19,825,824,826,0,,,Turning & Milling,Turning & Milling,ID4132,17180,2448
826,38,19,826,825,827,0,,,Turning & Milling,Turning & Milling,ID4529,17723,39167
827,38,19,827,826,828,0,,,Turning & Milling,Turning & Milling,ID4167,1484,18956
828,38,19,828,827,829,0,,,Turning & Milling,Turning & Milling,ID4932,7309,20395
829,38,19,829,828,830,0,,,Turning & Milling,Turning & Milling,ID4429,224,24596
830,38,19,830,829,831,0,,,Turning & Milling,Turning & Milling,ID4429,2136,11962
831,38,19,831,830,832,0,,,Turning & Milling,Turning & Milling,ID0997,89,3153
832,38,19,832,831,833,0,,,Turning & Milling,Turning & Milling,ID4132,3947,31455
833,38,End,833,832,None,0,,,End,End,End,0,0
836,39,Start,836,None,837,0,,,Start,Start,Start,0,0
837,39,20,837,836,838,0,,,Turning & Milling Q.C.,Turning & Milling Q.C.,ID4287,8721,17215
838,39,20,838,837,839,0,,,Turning & Milling Q.C.,Turning & Milling Q.C.,ID4287,31483,5451
839,39,20,839,838,840,0,,,Turning & Milling Q.C.,Turning & Milling Q.C.,ID4287,8463,1852
840,39,End,840,839,None,0,,,End,End,End,0,0
843,40,Start,843,None,844,0,,,Start,Start,Start,0,0
844,40,18,844,843,"(845, 846)",0,,,Turning,Turning,ID4799,62,14627
845,40,18,845,844,847,1,,,Turning,Turning,ID4794,261826,8267
846,40,21,846,844,847,1,,,Turning Q.C.,Turning Q.C.,ID4493,395,4831
847,40,18,847,"(845, 846)",848,0,,,Turning,Turning,ID4442,215762,16752
848,40,21,848,847,849,0,,,Turning Q.C.,Turning Q.C.,ID0937,35129,2924
849,40,6,849,848,"(850, 851)",0,,,Lapping,Lapping,ID4882,259494,3425
850,40,2,850,849,852,1,,,Final Inspection Q.C.,Final Inspection Q.C.,ID4287,3895,10121
851,40,7,851,849,852,1,,,Laser Marking,Laser Marking,ID0420,65047,9053
852,40,End,852,"(850, 851)",None,0,,,End,End,End,0,0
855,41,Start,855,None,856,0,,,Start,Start,Start,0,0
856,41,6,856,855,857,0,,,Lapping,Lapping,ID4882,63645,3889
857,41,13,857,856,858,0,,,Round Grinding,Round Grinding,ID4355,37084,542
858,41,13,858,857,859,0,,,Round Grinding,Round Grinding,ID0420,10214,10882
859,41,13,859,858,860,0,,,Round Grinding,Round Grinding,ID4872,752,8794
860,41,13,860,859,861,0,,,Round Grinding,Round Grinding,ID4528,17079,29675
861,41,13,861,860,862,0,,,Round Grinding,Round Grinding,ID4528,39765,35693
862,41,13,862,861,863,0,,,Round Grinding,Round Grinding,ID4445,15774,11550
863,41,13,863,862,864,0,,,Round Grinding,Round Grinding,ID0420,34214,7812
864,41,13,864,863,865,0,,,Round Grinding,Round Grinding,ID4385,129,7576
865,41,13,865,864,"(866, 867)",0,,,Round Grinding,Round Grinding,ID4109,47955,890
866,41,13,866,865,868,1,,,Round Grinding,Round Grinding,ID4385,56758,5358
867,41,20,867,865,868,1,,,Turning & Milling Q.C.,Turning & Milling Q.C.,ID4618,108371,7387
868,41,13,868,"(866, 867)",869,0,,,Round Grinding,Round Grinding,ID0420,520,11416
869,41,13,869,868,870,0,,,Round Grinding,Round Grinding,ID4445,11442,18017
870,41,2,870,869,871,0,,,Final Inspection Q.C.,Final Inspection Q.C.,ID4493,44101,15801
871,41,2,871,870,872,0,,,Final Inspection Q.C.,Final Inspection Q.C.,ID4618,21280,365
872,41,2,872,871,873,0,,,Final Inspection Q.C.,Final Inspection Q.C.,ID4287,213588,21540
873,41,2,873,872,874,0,,,Final Inspection Q.C.,Final Inspection Q.C.,ID4618,28432,699
874,41,11,874,873,875,0,,,Packing,Packing,ID4820,1116896,4223
875,41,2,875,874,876,0,,,Final Inspection Q.C.,Final Inspection Q.C.,ID4618,91470,8269
876,41,2,876,875,877,0,,,Final Inspection Q.C.,Final Inspection Q.C.,ID4618,5878,10274
877,41,13,877,876,878,0,,,Round Grinding,Round Grinding,ID4355,4719,3802
878,41,2,878,877,879,0,,,Final Inspection Q.C.,Final Inspection Q.C.,ID4618,22,11694
879,41,2,879,878,"(880, 881)",0,,,Final Inspection Q.C.,Final Inspection Q.C.,ID4287,2802,1152
880,41,2,880,879,882,1,,,Final Inspection Q.C.,Final Inspection Q.C.,ID4287,0,4875
881,41,2,881,879,882,1,,,Final Inspection Q.C.,Final Inspection Q.C.,ID4163,1187106,12626
882,41,2,882,"(880, 881)",883,0,,,Final Inspection Q.C.,Final Inspection Q.C.,ID4618,1358,1687
883,41,11,883,882,884,0,,,Packing,Packing,ID4820,25935,4036
884,41,11,884,883,885,0,,,Packing,Packing,ID4820,84828,4208
885,41,11,885,884,886,0,,,Packing,Packing,ID4820,28089,3300
886,41,2,886,885,887,0,,,Final Inspection Q.C.,Final Inspection Q.C.,ID4618,144332,7727
887,41,7,887,886,888,0,,,Laser Marking,Laser Marking,ID4882,80928,255
888,41,End,888,887,None,0,,,End,End,End,0,0
891,42,Start,891,None,"(892, 893)",0,,,Start,Start,Start,0,0
892,42,19,892,891,894,1,,,Turning & Milling,Turning & Milling,ID0937,2277,5154
893,42,20,893,891,894,1,,,Turning & Milling Q.C.,Turning & Milling Q.C.,ID4287,23194,5560
894,42,19,894,"(892, 893)",895,0,,,Turning & Milling,Turning & Milling,ID4932,2208,27983
895,42,19,895,894,"(896, 897)",0,,,Turning & Milling,Turning & Milling,ID4429,47,6799
896,42,19,896,895,898,1,,,Turning & Milling,Turning & Milling,ID3846,19597,23785
897,42,20,897,895,898,1,,,Turning & Milling Q.C.,Turning & Milling Q.C.,ID4163,12998,9974
898,42,End,898,"(896, 897)",None,0,,,End,End,End,0,0
901,43,Start,901,None,"(902, 904)",0,,,Start,Start,Start,0,0
902,43,19,902,901,903,1,,,Turning & Milling,Turning & Milling,ID4794,67,24705
903,43,19,903,902,905,1,,,Turning & Milling,Turning & Milling,ID4167,8977,14896
904,43,19,904,901,905,1,,,Turning & Milling,Turning & Milling,ID4167,41069,8425
905,43,19,905,"(903, 904)",906,0,,,Turning & Milling,Turning & Milling,ID4794,0,8453
906,43,19,906,905,"(907, 908)",0,,,Turning & Milling,Turning & Milling,ID4167,34642,14330
907,43,19,907,906,909,1,,,Turning & Milling,Turning & Milling,ID4529,17651,20016
908,43,20,908,906,909,1,,,Turning & Milling Q.C.,Turning & Milling Q.C.,ID4618,40333,3436
909,43,End,909,"(907, 908)",None,0,,,End,End,End,0,0
912,44,Start,912,None,913,0,,,Start,Start,Start,0,0
913,44,18,913,912,914,0,,,Turning,Turning,ID4799,438,19834
914,44,19,914,913,915,0,,,Turning & Milling,Turning & Milling,ID4167,1599,26209
915,44,19,915,914,"(916, 918)",0,,,Turning & Milling,Turning & Milling,ID4167,13921,3081
916,44,19,916,915,917,1,,,Turning & Milling,Turning & Milling,ID4529,10933,9345
917,44,20,917,916,919,1,,,Turning & Milling Q.C.,Turning & Milling Q.C.,ID4618,572,1178
918,44,20,918,915,919,1,,,Turning & Milling Q.C.,Turning & Milling Q.C.,ID4163,4397,2681
919,44,20,919,"(917, 918)",920,0,,,Turning & Milling Q.C.,Turning & Milling Q.C.,ID4618,67710,9182
920,44,7,920,919,921,0,,,Laser Marking,Laser Marking,ID0998,32169,6730
921,44,7,921,920,922,0,,,Laser Marking,Laser Marking,ID4882,5872,4353
922,44,6,922,921,923,0,,,Lapping,Lapping,ID0998,199,6315
923,44,2,923,922,924,0,,,Final Inspection Q.C.,Final Inspection Q.C.,ID4493,38128,11354
924,44,2,924,923,925,0,,,Final Inspection Q.C.,Final Inspection Q.C.,ID4493,0,2111
925,44,11,925,924,926,0,,,Packing,Packing,ID4491,30041,3366
926,44,End,926,925,None,0,,,End,End,End,0,0
929,45,Start,929,None,930,0,,,Start,Start,Start,0,0
930,45,19,930,929,931,0,,,Turning & Milling,Turning & Milling,ID0997,0,15899
931,45,19,931,930,932,0,,,Turning & Milling,Turning & Milling,ID0997,97,1710
932,45,19,932,931,933,0,,,Turning & Milling,Turning & Milling,ID4932,2375,12686
933,45,20,933,932,934,0,,,Turning & Milling Q.C.,Turning & Milling Q.C.,ID4493,13345,4442
934,45,7,934,933,935,0,,,Laser Marking,Laser Marking,ID4445,160277,3365
935,45,20,935,934,936,0,,,Turning & Milling Q.C.,Turning & Milling Q.C.,ID4493,9172,4080
936,45,6,936,935,937,0,,,Lapping,Lapping,ID0998,6029,1310
937,45,13,937,936,938,0,,,Round Grinding,Round Grinding,ID0420,108,9445
938,45,2,938,937,939,0,,,Final Inspection Q.C.,Final Inspection Q.C.,ID4618,112791,10956
939,45,2,939,938,940,0,,,Final Inspection Q.C.,Final Inspection Q.C.,ID4287,177345,2336
940,45,13,940,939,941,0,,,Round Grinding,Round Grinding,ID4385,9957,20476
941,45,11,941,940,942,0,,,Packing,Packing,ID4291,276640,2962
942,45,2,942,941,943,0,,,Final Inspection Q.C.,Final Inspection Q.C.,ID4618,1795,1572
943,45,2,943,942,944,0,,,Final Inspection Q.C.,Final Inspection Q.C.,ID4493,28185,2992
944,45,End,944,943,None,0,,,End,End,End,0,0
